content,score,thumbsUpCount,reviewCreatedVersion,at,replyContent,repliedAt
"Aplicativo era excelente, mas ultimamente est√° apresentando muita falha de conex√£o e suas skills com muitos problemas, assim as Echos acabam perdendo sua principal utilidade, que seria a conectividade com outros aparelhos.",3,0,2.2.436689.0,2021-12-07 18:55:13,,
"Aplicativo lento, muito lento... Qualquer coisa que voc√™ fa√ßa com ele √© clicar e esperar uns 10 segundos. E n√£o estou falando de comando de voz n√£o! √â tudo: abrir menu, selecionar algo... Incr√≠vel como a Amazon pe√ßa desse jeito.",3,7,2.2.435306.0,2021-11-17 22:46:21,,
"Estava 5 estrelas, mas depois da √∫ltima atualiza√ß√£o que fiz na data de ontem 25/11/2021, infelizmente a Alexa est√° in√∫til; n√£o ativa fun√ß√£o alguma. Adoro as funcionalidades do app e espero que a Amazon corrija o quanto antes, pois sei que a empresa tem compet√™ncia para isso.",3,10,2.2.436689.0,2021-11-26 08:15:20,,
Quando a base de dados na nuvem n√£o para de responder √© legal. De vez em quando ela n√£o reconhece nada em casa apesar de estar funcionando no aplicativo Smart Life. Da√≠ quando abre no aplicativo da Amazon (Alexa) as skills n√£o carregam. por isso ela n√£o reconhece mais os comandos de voz.,3,0,2.2.436689.0,2021-12-07 19:04:37,,
Falta skill usar uma echo show como retrato digital com fotos do google photos ou mesmo um √°lbum no armazenamento interno. Parece que produtos Amazon n√£o querem integrar com nada da google e isso √© ruim.,3,0,2.2.436689.0,2021-11-28 22:02:43,,
Est√° dando erros de conectividade os o aparelhos fala que n√£o est√° encontrando as m√∫sicas do spotfy n√£o liga √© nem desliga mas a TV entre outros problemas que t√° apresentando... por favor corrijam os erros,3,1,2.2.436689.0,2021-12-07 18:41:35,,
"Nao ah como mudar a fonte para acessibilidade. Aplicativo lento na mudan√ßa de abas, as vezes congela. Nao aparece o intens adicionados na lista, as vezes so depois de horas.",3,1,2.2.436689.0,2021-11-26 15:22:02,,
"N√£o aparece a op√ß√£o para controle remoto por c√¢mera. Nas configura√ß√µes, n√£o aparece o item ""c√¢mera"".",3,0,2.2.436689.0,2021-11-28 23:03:17,,
"Muito bom, MAS, muito lento ao trocar fun√ß√µes e skills. Ao clicar demora MUITO para executar a fun√ß√£o. Precisa melhorar o desempenho.",3,1,2.2.436689.0,2021-11-28 20:07:15,,
"Aplicativo n√£o est√° permitindo inserir endere√ßos de casa, trabalho, etc. Isso inviabiliza a Alexa calcular as rotas.",3,1,2.2.436689.0,2021-11-28 08:10:02,,
"app muito bugado, as integra√ß√£o sempre falham na hora de conectar e simplesmente n√£o consigo vincular minha conta do Spotify porque o bot√£o n√£o est√° clic√°vel",3,0,2.2.438005.0,2021-12-07 17:17:12,,
O aplicativo tem que melhorar muito em quest√£o de estabilidade e o uso correto de telas quando se usa o bot√£o Voltar.,3,0,2.2.436689.0,2021-12-07 21:49:27,,
"a usabilidade n√£o √© boa, o app demora a responder e trava muito. O aparelho √© √≥timo, s√≥ o app que deixa a desejar.",3,0,2.2.436689.0,2021-12-04 14:30:38,,
"como posso avaliar com O bom, se a cada tentativa de ativar a Alexa, o programa me exige a senha cadastrada, por√©m, mesmo colocando a senha correta, ela d√° como senha incorreta e n√£o me atende.",3,0,2.2.435306.0,2021-11-21 10:28:10,,
"Aplicativo muito bom, por√©m est√° com extrema lentid√£o. Isso √© o suficiente pra cair de 5 pra 3 estrelas",3,0,2.2.436689.0,2021-12-07 19:11:51,,
"O aplicativo tem uma interface e design de certo modo bem atrativo e confort√°vel, possuindo tema escuro e afins. Mas o verdadeiro problema nele, √© o p√©ssimo carregamento de algumas op√ß√µes presentes no App, no qual eu seleciono e demora uma eternidade para carregar ou se n√£o, o que desejo nem √© carregado e mostrado em meu celular. Pe√ßo por gentileza que arrumem isso e deixem o App mais funcional e confort√°vel.",3,46,2.2.432925.0,2021-11-03 00:19:09,,
"App funciona de maneira razo√°vel, nas demora a carregar algumas telas.",3,1,2.2.436689.0,2021-11-28 19:50:04,,
"Estava gostando muito do app, mas de repente em v√°rias vezes eu dou um comando e ela recebe, cai nas notifica√ß√µes no topo do dispositivo mas n√£o executa a√ß√£o nenhuma! Com √≥timo sinal de Internet! Dispositivo no modo som normal. Meu dispositivo √© um Samsung A20 FE. Arrumem por favor!",3,2,2.2.435197.0,2021-11-15 22:10:56,,
"Gosto da Alexa para tocar m√∫sicas que pe√ßo. Me fala as temperaturas, previs√£o do tempo, e ainda pode contar piadas. Fiz o controle de 2 l√¢mpadas da casa pela Alexa tbm. Com alguma oscila√ß√£o da Internet, perco a configura√ß√£o. Depois de um ano, n√£o se consegue mais configurar a l√¢mpada, pois, tem q ser configurada no app Positivo, em seguida, no TuyaSmart, para depois colocar a l√¢mpada na Alexa.",3,38,2.2.427576.0,2021-10-11 22:57:45,,
"Ele √© bem funcional, mas n√£o √©uito intuitivo e seu dashboard poderia bem melhor. As configura√ß√µes e uso de skills s√£o bem complicadas. O design tamb√©m acho que precisa de uma repaginada. Mas no geral √© bom.",3,4,2.2.430534.0,2021-10-25 21:59:37,,
"Boas fun√ß√µes, mas muito lento. O tempo de resposta da do dispositivo √© grande, a √°rea de reprodu√ß√£o sempre ""falha"" e preciso fechar e abrir pra que me mostre a tela corretamente.",3,2,2.2.432925.0,2021-11-03 10:21:01,,
"o app est√° perfeito, a √∫nica coisa que eu nao curti nem um pouco √© que demora pra carregar meus dispositivos, o aplicativo em si √© um pouco mal otimizado mas a interface √© perfeita!!!",3,2,2.2.433151.0,2021-11-03 23:08:03,,
"Bom da pra ser mais eficiente quando se estar normal. Mas, no momento atual o App est√° travando, n√£o sai da tela preta. Acertem, para melhor avaliar.",3,1,2.2.432925.0,2021-11-07 03:13:22,,
Falta a op√ß√£o para programar a exibi√ß√£o ou n√£o do display de Led (rel√≥gio). A noite ele atrapalha. Fica muito claro.,3,4,2.2.432925.0,2021-11-10 18:14:00,,
"O aplicativo √© demasiado lento, e a Alexa n√£o corresponde as minhas expectativas mesmo com fun√ß√µes b√°sicas como Ligar a TV ou Desligar daqui um tempo. Situa√ß√µes que a Google Assistant corresponde muito bem",3,17,2.2.426944.0,2021-10-03 05:05:51,,
"A comunica√ß√£o do app com a echo e os recursos de automa√ß√£o s√£o muito bons, por√©m o app √© muito lento, pelo menos no meu smartphone, xiaomi note 7. Octacore 2.2 e 4gb ram",3,1,2.2.435197.0,2021-11-10 20:06:41,,
App da muito problema. Muito dificuldade em mandar m√∫sica para despositivos instalados em casa e a leitura do lisvors do Kindle ficam voltando sem controle sem seguir umanseguenciande leitura.,3,0,2.2.435197.0,2021-11-15 09:21:49,,
"Estou gostando da experi√™ncia mas acho o aplicativo ainda um pouco pesado no sentido que demora a abrir as informa√ß√µes, n√£o consegue localizar uma C√¢mera da Smart Life. Camera da Tuya.",3,0,2.2.435197.0,2021-11-09 22:24:04,,
"Tenho notado muita lentid√£o no App, quando abri os dispositivos e tento diminuir o som da echodot ou ent√£o vou visualizar as skills, at√© carregar leva uma eternidade.",3,2,2.2.432925.0,2021-11-08 23:36:18,,
"O aplicativo √© extremamente lento e todas as fun√ß√µes, ele transforma um processo simples como criar uma rotina ou simplesmente fazer uma chamada em um processo demorado",3,2,2.2.432925.0,2021-11-07 12:01:56,,
O aplicativo √© extremamente lento e consome muita bateria. As rotinas n√£o funcionam direito e eu precisei fazer uma macumba pra algumas skills funcionarem.,3,3,2.2.426944.0,2021-10-04 14:55:36,,
"usava v√°rias skills em portugu√™s super funcionais e depois q vinculei a conta amazon simplesmente n√£o aparecem mais nenhuma em Portugu√™s. Obs todos os locais poss√≠veis est√£o configurados portugu√™s Brasil, apenas nas skills n√£o funciona mais...",3,4,2.2.426944.0,2021-10-01 16:48:57,,
"Ficou muito bom os bot√µes de favoritos que criaram, mas para ficarem realmente pr√°ticos deveriam estar dispon√≠veis com um widget e/ou no centro de controle (acionado ao puxar o lado direito para baixo)",3,15,2.2.435197.0,2021-11-10 15:39:06,,
"Ela cumpre o que promete, de ser um assistente de voz, mas poderia ser um pouco mais inteligente nas buscas, dando continuidade sem precisar chamar novamente Alexa. Poderia dar a op√ß√£o de cruzar informa√ß√µes para refinar a busca. Quanto a dispositivos, n√£o tenho nenhum al√©m da pr√≥pria Alexa. Comprei uma TV TCL 43 polegadas Android (Medina), mas n√£o consegui configurar as fun√ß√µes do controle remoto. No geral, eu recomendo pela experi√™ncia que tive at√© agora.",3,1,2.2.427576.0,2021-10-17 09:49:04,,
Est√° havendo algum problema que o aplicativo n√£o funciona pela rede wi-fi. Eu preciso desconectar o wi-fi e acessar pelo 4g para ver minhas listas e rotinas.,3,1,2.2.432925.0,2021-11-06 20:46:40,,
"O aplicativo √© bom, mas √© muito lento. Demora muito para carregar e trocar de p√°ginas dentro dele. =/",3,0,2.2.432925.0,2021-11-09 08:27:58,,
"O aplicativo estava funcionando perfeitamente no meu Xaomi 9S mais parou de funcionar, toda vez que o aplicativo √© aberto a tela do celular fica preto at√© aparecer um aviso de erro",3,5,2.2.432925.0,2021-11-02 08:55:41,,
"Tenho um Amazon Echo de primeira gera√ß√£o, que me diz falar portugu√™s, por√©m tenho que mudar o idioma pelo APP, e n√£o aparece portugu√™s como op√ß√£o. Por favor, adicionem o idioma portugu√™s na lista de op√ß√µes de idioma para este dispositivo.",3,1,2.2.432925.0,2021-11-01 10:06:09,,
"√ìtimo app, por√©m um pouco lento para abrir op√ß√µes simples como as configura√ß√µes.",3,4,2.2.432925.0,2021-10-30 08:25:15,,
Baixei e instalei este app no meu celular... por√©m n√£o tenho o aparelho Alexa...tenho somente o app instalado...d√° pra ouvir r√°dio e ler mensagens mas n√£o sei como conectar uma caixa bluetooth ao app.,3,1,2.2.426944.0,2021-10-05 13:32:09,,
"Vou dar 3 estrelas ao aplicativo, que muitas vezes trava e fica lento... Mas ao echodot dou nota 10 √© realmente excelente, automatizei tudo atrav√©s dele, at√© meu ventilador kk",3,1,2.2.427576.0,2021-10-07 19:19:52,,
"Gosto muito dos dispositivos Alexa, mas o app √© super lento e trava.",3,0,2.2.427576.0,2021-10-24 12:49:04,,
O app n√£o funciona mais. sempre que fa√ßo login o app reinicia. Isso acontece em todos os celulares da casa.,3,4,2.2.432925.0,2021-11-03 22:44:20,,
"Muita falha na conex√£o entre 2 dispositivos Alexa. Come√ßa a tocar nas duas, mas logo uma delas para de tocar.",3,0,2.2.427576.0,2021-10-06 09:23:52,,
"Regular! Algumas configura√ß√µes de rotina na automa√ß√£o, n√£o funcionam t√£o bem como promete, algumas vezes falha! App extremamente lento, com isso deixa os outros app's quase no mesmo modo, esse problema n√£o √© por conta do meu smartphone, tem configura√ß√£o muito boa! S√≥ funciona com app aberto e consome muita bateria do aparelho celular! Nao escuto muita musica, mas quando preciso n√£o se conecta com YouTube, apenas com Amazon Music, onde √© muito limitado no modo Free.",3,74,2.2.423409.0,2021-09-29 04:46:56,,
"Mesmo ap√≥s atualiza√ß√£o, o app continua com falha na leitura de e-book. Ap√≥s aproximadamente 35 minutos de leitura do e-book pela Alexa, acontece uma falha e ele volta entre 10 a 17 minutos. Essa funcionalidade nesse app √© excelente para leituras de e-book comprados na plataforma da Amazon kindle, fica excente de ouvir a Alexa lendo o livro e vc coloca de fundo um √°udio binaural puro, aumenta muito a concentra√ß√£o. Gestores do app consertem essa falha.",3,93,2.2.423409.0,2021-09-25 15:27:15,,
"EDIT: depois da √∫ltima atualiza√ß√£o o alarme desperta em volume alto e n√£o consigo entrar em configura√ß√µes pra alterar o volume do toque. E mais alguns bugs. Gosto muito, mas as fun√ß√µes de r√°dio precisam melhorar, por exemplo quando pesquiso alguma r√°dio aparecem outras, muitas playlists do Spotify tamb√©m n√£o s√£o reconhecidas por comando de voz.",3,55,2.2.422256.0,2021-09-23 09:09:57,,
"App lento. Embora s√≥ use para configura√ß√µes, acaba sendo um pouco irritante. O app √© pouco intuitivo. Muitos passos pra fazer coisas simples. Fun√ß√µes antes interessantes, hj n√£o funcionam mais, ou est√° mto escondido, como vincular contas amazon",3,10,2.2.423409.0,2021-09-25 14:27:27,,
"√ìtimo aplicativo , tenho uma sugest√£o pra ficar ainda melhor, o aplicativo deveria funcionar em segundo plano , ou seja a Alexa deveria responder na √°rea de trabalho do Android.",3,2,2.2.423409.0,2021-09-24 23:32:44,,
"Bom, por√©m falta op√ß√£o nativa (nem mesmo skill existe pra isso) de ligar as luzes dela mesma (Echo Dot), triste n√£o poder usar a luz como decora√ß√£o de ambiente.",3,0,2.2.422256.0,2021-09-21 20:47:47,,
"O Fire TV conectado ao app tem desempenho aceit√°vel em todos ao aplicativos, menos no Prime V√≠deo (o app da ""casa""), que por aqui trava sempre. N√£o consigo assistir a um filme sem ter de tirar o Fire TV da tomada e reiniciar tudo. Lament√°vel. Ser√° que tem solu√ß√£o?",3,1,2.2.422256.0,2021-09-17 11:41:17,,
"√ìtimo app mas tem coisas que podem ser melhoradas. Como por exemplo na parte de Rotinas, poder colocar uma serie de palavras/frases que podem ser faladas para ativar tal rotina, pois √© muito ruim ter que criar v√°rias rotinas para a mesma coisa s√≥ para ter uma frase com uma palavra diferente como ""Ligar TV"" ""Liga a TV"" ""Ligar a Televis√£o"" ""Liga Televis√£o""... como a concorrente faz.",3,136,2.2.410255.0,2021-07-01 11:04:09,,
"N√£o √© padr√£o Amazon, se comparado com o App de Compras, o de V√≠deo e o Kindle (os que mais uso). Al√©m disso, √© impens√°vel que um app destinado ao gerenciamento de dispositivos inteligentes n√£o aceite o login de mais de uma pessoa, criando um grupo de pessoas ligadas aos dispositivos, cada uma com sua conta (dispon√≠vel para as contas americanas).",3,76,2.2.410255.0,2021-07-01 13:02:26,,
"App √© legal por√©m trava bastante, at√© troquei de telefone recentemente pra um top de linha e mesmo assim ""engasga"" na hora de usar os comandos por voz",3,1,2.2.422256.0,2021-09-10 13:59:34,,
"Meio pesado pra celulares mais fracos, e a Alexa escuta mal, algu√©m com dificuldade de fala n√£o vai ser entendido nunca. As rotinas falham com frequ√™ncia e ela n√£o gosta de passar podcast do mais recente, sempre passa um aleat√≥rio se voc√™ n√£o especificar.",3,0,2.2.416420.0,2021-08-26 10:07:04,,
O app trava em v√°rios momentos. Poderia fazer uma lista desses momentos... N√£o √© t√£o intuitivo. E a assistente virtual as vezes erra na informa√ß√£o desejada. N√£o sei como algu√©m consegue dar 5 estrelas. Precisa melhorar bastante. O desenvolvedor n√£o responde os coment√°rios.,3,11,2.2.416420.0,2021-08-19 01:18:47,,
App muito lento e com layout ruim para ajudar na configura√ß√£o da Alexa. Tamb√©m n√£o ajuda muito a entender as potencialidades da Alexa.,3,0,2.2.422256.0,2021-09-18 08:38:05,,
Acho que ainda √© muito bagun√ßado e nada intuitivo. Precisam melhorar na funcionalidade das abas e coisas mais interessantes de sugest√£o ao usu√°rio.,3,0,2.2.422256.0,2021-09-20 00:47:14,,
"V√°rias vezes demora muito pra carregar a p√°gina dos dispositivos e pra executar qualquer a√ß√£o dentro do aplicativo (al√©m dessa tela de dispositivos, inclusive). Voc√™ clica e fica esperando MUITOS segundos pra carregar qualquer coisa, mesmo a internet estar bombando no celular e em toda a casa",3,29,2.2.415290.0,2021-07-31 23:51:07,,
"O aplicativo pode ficar muito melhor. O aplicativo √© lento na resposta das a√ß√µes e acho ele pouco intuitivo. Para uma pessoa mais leiga, ir√° encontrar muita dificuldade em achar o que deseja dentro do app. Isso pode ser melhorado.",3,4,2.2.416420.0,2021-08-08 23:14:16,,
"Gostava do app, mas tenho enfrentando v√°rios problemas como integra√ß√£o com o Spotify. As vezes jogos terminam sem aviso pr√©vio. Quando existem dois perfis, tamb√©m n√£o √© poss√≠vel entrar em contas separadas dos apps que tem interface com a Alexa.",3,13,2.2.416420.0,2021-08-04 21:05:42,,
"Como pode uma empresa t√£o grande, com uma ideia de produto t√£o boa, desenvolver um aplicativo t√£o ruim? O app √© lento, e pouco organizado.",3,0,2.2.422256.0,2021-09-17 15:40:55,,
"√â muito lento o aplicativo. Trava bastante e n√£o √© muito f√°cil configurar, parece quando vc quer resolver algum problema com o Governo, que vc perde seu tempo e n√£o consegue resolver. A alexa √© funcional, mas tem hora que n√£o entende o que voc√™ fala",3,11,2.2.413073.0,2021-07-27 17:00:46,,
"Falta duas coisas no app: 1) N√£o consigo conectar o Deezer. Outros players de musica, como Spotify, est√£o conectados com o app, mas o que eu utilizo, o Deezer, n√£o. Pelo menos da para utilizar o Amazon Music; 2) N√£o consegui conectar minha smartv da Philips.",3,1,2.2.410255.0,2021-07-13 23:18:47,,
"Oferece controle total com diversas personaliza√ß√µes para os dispositivos Alexa, mas √© muito pesado. Mesmo em aparelhos Top o App √© muito lento em praticamente todas as suas configura√ß√µes dispon√≠veis.",3,2,2.2.416420.0,2021-08-19 05:32:46,,
"Estou tendo problemas pra sincronizar a alexa com o ebook que estou lendo. A ideia √© que ela leia de onde eu parei no kindle, mas isso n√£o est√° acontecendo. Tamb√©m aconteceu de, do nada, ela parar de ler e depois continuar de um par√°grafo p√°ginas antes.",3,2,2.2.410255.0,2021-07-14 09:04:58,,
"O aplicativo √© muuuuuito lento no Android. D√° at√© raiva, voc√™ acha que ele est√° travado. Muito bizarro. E gostaria de ter um bot√£o pra falar com a Alexa direto, sem precisar abrir o app.",3,24,2.2.421843.0,2021-09-05 11:31:04,,
"Falta funcionalidade. Peca nos detalhes. Para tarefas mais complexas, precisa de outros apps.",3,0,2.2.422256.0,2021-09-18 23:40:46,,
"Lento demais, as vezes para fazer qualquer altera√ß√£o ou incluir dispositivos e ""um parto""! √â n√£o √© problema de rede n√£o! O ""gargalo"" √© no aplicativo!",3,0,2.2.421843.0,2021-09-09 17:02:55,,
"Alexa √© sensacional. Uma pena que n√£o d√° pra usar sem precisar pegar o celular. Tanta tecnologia e o Google nos limita, triste.",3,2,2.2.421843.0,2021-09-07 10:53:10,,
"Precisa adicionar linguagem dupla de entrada, portugu√™s-ingles, urgentemente. Precisa habilitar o modo fam√≠lia. Ambas op√ß√µes j√° existem em outros pa√≠ses",3,0,2.2.415290.0,2021-08-04 22:37:48,,
"Lento, vc clica em um bot√£o e tem um delay de segundos para dar resposta. Vc acha que est√° quebrado... j√° desinstalei e instalei novamente, n√£o mudou nada!",3,3,2.2.416420.0,2021-08-12 12:54:21,,
Escutar os livros pela Alexa √© muito ruim. N√£o √© poss√≠vel voltar para o in√≠cio e nem selecionar os cap√≠tulos. √â necess√°rio ter mais controles.,3,3,2.2.413073.0,2021-07-16 13:30:06,,
No item lista de compras deveria ter as fun√ß√µes de exclus√£o de itens e mover para outra pasta,3,0,2.2.422256.0,2021-09-17 10:52:00,,
"Tem travado constantemente, se vc clica em alguma fun√ß√£o demora 5 segundos pra aceitar, se estiver escutando musica pelo wifi e entrar na rede 4g a aplicativo trava ai tenho que fechar e reabrir para funcionar novamente. Muuuuuito lento.",3,3,2.2.421843.0,2021-09-06 16:06:54,,
"O app demora pra responder (lentid√£o), as vezes √© confuso, e a lista de compras que √© uma das coisas mais legais, √© burra. Voc√™ adiciona itens na lista ex. arroz, mas se no m√™s seguinte pedir pra inserir arroz na lista ela repete o item em duplicidade. N√£o identifica que j√° tem arroz na lista.",3,0,2.2.416420.0,2021-08-27 22:33:57,,
O aplicativo tem respostas lentas quando se trata de automa√ß√£o residencial. E poderia aprimorar o comando de voz.,3,0,2.2.413073.0,2021-07-28 17:41:06,,
"Pode melhorar: por exemplo, dever√≠amos escolher qual skill de not√≠cias queremos ativar em cada comando e n√£o sermos obrigados a ativar todas de uma vez.",3,0,2.2.416420.0,2021-08-27 09:12:42,,
"O dispositivo funciona mt bem mas o principal que eu queria de m√∫sica n√£o vai, j√° vinculei ao spotify e n√£o reconhece AAAAAAAAAAAAAAA a qualidade de √°udio dela √© mt boa",3,0,2.2.416420.0,2021-08-07 13:23:57,,
Gostaria de algumas funcionalidades que sinto falta como bloquear minha tela e poder falar com ela sem ter que desbloquear a tela. Mas d resto est√° sendo bem interessante at√©,3,0,2.2.415290.0,2021-07-30 00:07:21,,
"O App √© bom mas pra ficar melhor precisa de alguns melhorias simples, AMAZON POR FAVOR COLOQUE A OP√á√ÉO DE USAR O APLICATIVO EM SEGUNDO PLANO E PODER LIBERAR O ASSISTENTE DE VOZ COM A ATIVA√á√ÉO NO LUGAR DO ""OK GOOGLE"", eu ter que instalar e pagar o app ULTIMATE ALEXA de Terceiros para fazer essas fun√ß√µes √© lament√°vel!",3,0,2.2.413073.0,2021-07-30 06:06:56,,
"N√£o consigo usar a Echo como porta retratos, s√≥ passa as fotos do Facebook. O app n√£o √© muito intuitivo. Pode melhorar.",3,0,2.2.415290.0,2021-08-02 16:43:06,,
"Muito bom o aplicativo, mas o que mais quero agora √© a skill do Tidal aqui para o Brasil para funcionar no echo dot, em alguns outros pa√≠ses j√° funciona, se n√£o fosse por isso era 5 estrelas",3,1,2.2.413073.0,2021-07-21 09:49:04,,
"Interface Bonita, Nem Parece Ser Da Amazon, Mas Acho Desnecess√°rio Colocar O Nome De Cada App No √çcone, O Logo De Antes Era Muito Bonito E √önico, Agora Voltou Aquela Apar√™ncia Antiga E Nada Moderno No √çcone Da Alexa ü§Æ. Fora O √çcone, √â 75%.",3,0,2.2.413073.0,2021-07-14 23:57:03,,
A Alexa e suas funcionalidades s√£o 5 estrelas. O App para configura√ß√µes no celular √© muito lento.,3,0,2.2.422256.0,2021-09-10 07:30:34,,
"Boa, mas quando pe√ßo pra adicionar uma m√∫sica a biblioteca est√° n esta entendendo ela fala ""nao consigo encontrar nada na loja de musica que corresponda ao que est√° tocando""",3,1,2.2.413073.0,2021-07-23 21:47:22,,
"O app √© lento, a navega√ß√£o nele √© bem complicada. Fora isso, boas funcionalidades",3,0,2.2.410255.0,2021-07-12 23:21:20,,
"Ainda n√£o testei os comoandos por voz mas por enquanto est√° quase tudo certo, o √∫nico problema √© que demora um pouco pra abrir as telas que voc√™ clica",3,0,2.2.416420.0,2021-08-26 21:13:06,,
"Tem muitas fun√ß√µes legais, entende bem o que √© dito. Mas a leitura do Kindle fica preso repetindo-se infinitamente....(e √© o recurso que mais tenho interesse).",3,12,2.2.421843.0,2021-09-01 22:45:18,,
Lento. Podia ter mais funcionalidades. Principalmente para o Brasil. Porque sei que para o EUA a Amazon libera v√°rias fun√ß√µes,3,1,2.2.413073.0,2021-07-28 00:03:09,,
"At√© agora e bom, mais tudo e pago, tem umas coisa boa, pedi pra Alex toca byonce s√≥ d√° se for pago, tem umas lista at√© boas de m√∫sicas gr√°tis. Mais poderia acessar nossa pasta de m√∫sica e v√≠deo.",3,0,2.2.410255.0,2021-07-03 17:01:15,,
√â bastante lento e tamb√©m falta integra√ß√£o com Amazon Music o mesmo poderia ser integrado pra n√£o precisar ter dois aplicativos instalado.,3,1,2.2.416420.0,2021-08-07 13:34:33,,
"App lento e com travadas constantes. Apesar disso, o gadget funciona super bem.",3,0,2.2.416420.0,2021-08-28 01:13:57,,
"As vezes a alexa falha , n√£o entende o que se pede e √© muito dificil o pareamento de aparelhos, e s√≥ funciona para desligar nunca para ligar os aparelhos novamente.",3,0,2.2.415290.0,2021-07-30 03:38:25,,
"Poxa que atualiza√ß√£o ruin,sem falar que o designe do dowidgets ficou horr√≠vel,seria √≥timo sem aquele fundo branco.",3,0,2.2.410255.0,2021-07-09 18:17:11,,
"O app √© bom por√©m qando vou gravar uma msg de voz n√£o estou conseguindo a√≠ preciso toda vez desinstalar o app e abrir novamente pra poder gravar, a√≠ gravo √© depois de um tempo acontece novamente.",3,0,2.2.413073.0,2021-07-27 11:22:08,,
"Limitado para configura√ß√µes avan√ßadas, por√©m simples. O famoso ""d√° pro gasto""",3,0,2.2.410255.0,2021-07-03 23:44:29,,
"Tem o aplicativo na minha tv tcl, mas o app do celular n√£o faz absolutamente nada... Simplesmente n√£o reconhece... Acho o app bem limitado com rela√ß√£o a IoT",3,0,2.2.416420.0,2021-08-28 21:36:51,,
"Trava muito, √© lento. Skills fracas. Enfim, faz o b√°sico bem, mas se for√ßar muito n√£o entrega o esperado",3,0,2.2.416420.0,2021-08-25 22:34:51,,
"Pra ser melhor poderia ter acionamento por voz assim como o do Google, se tivesse eu substitu√≠a tranquilo o assistente do Google pelo o alexa",3,0,2.2.416420.0,2021-08-04 20:22:50,,
"Lento e as vezes trava. √â eficiente, mas poderia ser muito melhor!",3,0,2.2.410255.0,2021-07-13 05:03:39,,
"Funciona, mas trava muito e √© lento. √önico aplicativo lento no meu Samsung M21s.",3,0,2.2.416420.0,2021-08-28 10:02:27,,
"Poderiam integrar o suporte NFC no aplicativo alexa, assim poder√≠amos criar rotinas e usar como op√ß√£o de gatilho o nfc...",3,0,2.2.416420.0,2021-09-01 13:46:54,,
N√£o reconhece o Spotify como aplicativo padr√£o e n√£o reconhece o endere√ßo para a previs√£o do tempo.,3,0,2.2.413073.0,2021-07-19 11:51:09,,
Recursos existem a tempos nos EUA e at√© hoje nada no Brasil. Como VIGIA e Criar Rotinas baseadas na Localiza√ß√£o,3,0,2.2.416420.0,2021-08-29 23:41:45,,
Aplica√ß√£o meio em portugu√™s de Portugal e meio ingl√™s. Podia ter uma op√ß√£o para transferir todas as rotinas de uma s√≥ vez para outro utilizador fam√≠lia. √â pena a Alexa ainda n√£o falar Portugu√™s de Portugal. Estou a tentar desenvolver uma skill para a Alexa utilizar a minha smart TV para visualizar conte√∫dos do YouTube e fazer v√≠deo chamadas. Depois desta √∫ltima atualiza√ß√£o h√° programas de conex√£o entre apps skills como o Smart Life e o Magic Home.,3,10,2.2.438005.0,2021-12-07 16:21:39,,
"Controla bem todas as fun√ß√µes. S√≥ √© meio laggy, mesmo para octacores.",3,0,2.2.435306.0,2021-11-19 15:41:10,,
O App √© bom mais falta a op√ß√£o de Alexa receber comando de voz com a tela do celular bloqueada..,3,0,2.2.436689.0,2021-12-03 12:40:40,,
aplicativo travado. ultimamente a minha Alexa deixou de reconhecer a minha conta do Spotify,3,0,2.2.436689.0,2021-12-07 14:49:00,,
App trava demais e demora no tempo de resposta,3,0,2.2.435306.0,2021-11-23 17:54:33,,
"n√£o est√° funcionando no momento, voltando a funcionar avalio melhor.",3,0,2.2.436689.0,2021-12-07 15:50:39,,
APP n√£o est√° totalmente em portugu√™s. √â frustrante. Necess√°rio corrigirem esta falha.,3,0,2.2.436689.0,2021-11-24 21:27:26,,
app lento e com travamentos constantes.,3,0,2.2.436689.0,2021-12-04 08:17:52,,
"No celular S8, alexa n√£o reconhece o wifi. Acredito que celular seja incompat√≠vel, outros celulares deu certo",3,0,2.2.435197.0,2021-11-12 07:16:06,,
"De uns tempos pra c√° agora minha echo Dot est√° lenta nas respostas, antes eu chamava e j√° fazia o pedido agora eu chamo e segundos depois ela acende, t√°",3,4,2.2.430534.0,2021-10-24 08:45:16,,
"N√£o sei se √© semente no meu celular, mas o app √© muito lento, n√£o responde muito bem a comandos, geralmente tem delay.",3,0,2.2.427576.0,2021-10-12 23:51:35,,
"Bom para lembrar compromissos e tarefas, mas o reconhecimento de voz √© muitas vezes sofr√≠vel.",3,1,2.2.432925.0,2021-10-29 13:28:39,,
"Muito bom, pena que n√£o tem como conectar o YouTube Music, por favor atualizem e adicionem essa possibilidade.",3,0,2.2.427576.0,2021-10-14 13:42:35,,
Muito confuso. N√£o √© intuitivo. Tenho muita dificuldade para us√°-lo,3,2,2.2.432925.0,2021-10-31 15:10:41,,
Aplicativo ainda √© muito lento e pouco pr√°tico. Nem parece que √© oficial.,3,1,2.2.432925.0,2021-10-31 14:41:56,,
Meu aplicativo so funciona lor algumas horas depois nao abre mais e fica dandp erro . Ja desinstalei e instalei de novo e o problema cont√≠nua,3,0,2.2.427576.0,2021-10-15 12:29:46,,
"Que aplicativo mais lento, deveria ter uma vers√£o lite pra celulares fracos!",3,0,2.2.427576.0,2021-10-07 18:10:10,,
"Alexa parou de funcionar, as skill s√£o limitadas, faltam atualiza√ß√£o",3,0,2.2.426944.0,2021-10-03 18:20:05,,
"Estou com um problema, eu crio uma rotina no App para minha echo dot, mas n√£o est√° indo, parece que a configura√ß√£o n√£o passa para echo, estou chateado por isto.",3,0,2.2.427576.0,2021-10-08 20:03:08,,
"Acho o aplicativo muito carregado de informa√ß√µes, por√©m atende √†s necessidades.",3,0,2.2.432925.0,2021-10-28 00:13:32,,
N√£o consigo conectar Alexa na minha tv Sony pede para atualizar toda vez que tento fazer isso e n√£o tem atualiza√ß√£o dispon√≠vel,3,0,2.2.426944.0,2021-09-30 21:46:49,,
"N√£o consigo ter a App em portugu√™s! H√° alguma forma de obter a App em vez de estar tudo escrito em ingl√™s, para portugu√™s? Obrigado",3,0,2.2.436689.0,2021-12-06 08:04:43,,
Nao reconhece todos os aparelhos com suporte... aplica√ß√£o lenta.,3,0,2.2.430534.0,2021-10-24 20:06:56,,
O app trava e demora a dar resposta ao toque,3,0,2.2.435197.0,2021-11-16 05:44:41,,
"Funciona. Metade do tempo, a outra metade te mata de raiva.",3,0,2.2.426944.0,2021-10-06 19:50:02,,
Engasgos na leitura dos ebook. Desisti de usar pr√° isso. Espero corre√ß√£o disto urgente.,3,0,2.2.427576.0,2021-10-11 10:43:59,,
N√£o √© sempre que Alexa ouve o chamado e atende. Precisam melhorar essa intera√ß√£o.,3,21,2.2.427576.0,2021-10-18 13:22:13,,
"Uma pena ter que tocar para falar, seria bom se apenas com o dispositivo aberto podesse fazer contado sem ter que ter contato",3,1,2.2.432925.0,2021-11-06 20:24:54,,
"Porque n√£o est√° mais dispon√≠vel o idioma portugu√™s?, assim que baixei o app aparece v√°rios idiomas, s√≥ n√£o aparece o portugu√™s",3,0,2.2.427576.0,2021-10-14 05:45:49,,
"A App est√° muti lento, buga quando seleciona alguma m√∫sica",3,0,2.2.426944.0,2021-10-04 05:10:08,,
O recurso de leitura de livros como se fosse um audiobook falha constantemente.,3,0,2.2.432925.0,2021-10-31 14:31:48,,
App muito √∫til por√©m com alguns bugs na aba de reprodu√ß√£o de m√∫sicas,3,0,2.2.426944.0,2021-10-05 21:02:24,,
podia melhorar em quest√£o da casa conectada pois sem internet n√£o consegue ligar ou desligar nada tem que resolver isso porque mesmo sem internet tem a rede interna e os aparelhos tinha que se conversar,3,1,2.2.430534.0,2021-10-21 19:50:02,,
"As vezes trava, e n√£o √© muito intuitivo.",3,0,2.2.432925.0,2021-11-07 19:57:55,,
"Bom, por√©m com muitos bugs e lento.",3,0,2.2.427576.0,2021-10-13 02:23:24,,
App muito lento no MEU dispositivo Android.,3,0,2.2.432925.0,2021-10-31 17:07:06,,
"Eu gostei muito da Amazon Alexa, Por√©m n√£o tem o aplicativo resso, Ser√° que tem como colocar o aplicativo resso?",3,0,2.2.427576.0,2021-10-18 18:13:48,,
Muito lento comparado com um device dot,3,0,2.2.432925.0,2021-11-06 12:44:01,,
"Aqui no Brasil, n√£o temos a possibilidade de trocarmos vozes da Alexa. Quando teremos esta atualiza√ß√£o?",3,0,2.2.427576.0,2021-10-19 21:32:17,,
"Sou calouro, estou querendo participar. Tenho √≥timas informa√ß√µes, muito seguro, agilidade e seguran√ßa, quanto a entrega e pontualidade.",3,0,2.2.427576.0,2021-10-08 03:37:21,,
Muito lento no meu smartphone Samsung A30s,3,0,2.2.436689.0,2021-12-02 21:11:39,,
N√£o liga minha TV tenho que ficar procurando um monte de App para baixar insatisfeito totalmente,3,0,2.2.427576.0,2021-10-16 12:54:33,,
"Cumpre o que promete , por√©m tinha que ser mais vers√°til , tem que usar muita palavras chaves para ela entender",3,0,2.2.427576.0,2021-10-18 15:35:09,,
"Durante a leitura de livros, Alexa fica repetindo o cap√≠tulo atualao inv√©s de prosseguir para o pr√≥ximo cap√≠tulo",3,0,2.2.435197.0,2021-12-02 22:48:41,,
Interface pouco intuitiva,3,0,2.2.436689.0,2021-12-03 20:38:30,,
"App n√£o estava abrindo algumas abas, desinstalei e instalei novamente e agora n√£o abre mais.",3,0,2.2.432925.0,2021-11-01 20:10:32,,
Precisa melhorar as funcionalidades e opera√ß√£o do app,3,0,2.2.427576.0,2021-10-08 21:26:13,,
"Boa app, mas n√£o percebo porque se desinstala sempre que o tablet √© desligado. √â sempre necess√°rio reinstalar a app nessas ocasi√µes, o que, para al√©m de incompreens√≠vel, √© incomodativo. Quando isso deixar de acontecer, merecer√° as cinco estrelas.",3,3,2.2.416420.0,2021-08-29 15:02:53,,
"vou d√° 3 estrelas , estou amando a experi√™ncia com o app. volto a avalizar quando passar mais tempo curtindo o app.",3,0,2.2.436689.0,2021-11-30 12:27:19,,
"Ela em sim e muito boa, mas deveria ter op√ß√£o para corrigir os erros de portugu√™s.",3,0,2.2.427576.0,2021-10-18 11:25:56,,
"A vers√£o portugu√™s do Brasil tem imensos bugs, palavras em ingl√™s, e outros. O maior problema √© n√£o ser portugu√™s de Portugal e assim n√£o serem reconhecidas palavras, termos, nem na temperatura!!! √â lenta e acaba-se por n√£o se tirar partido da Alexa como se poderia tirar...",3,1,2.2.423409.0,2021-09-25 08:14:57,,
O aplicativo √© muito bom. mas √© muito complicado de mexer,3,0,2.2.436689.0,2021-11-29 02:45:01,,
diversos skills apresentam limita√ß√£o.,3,0,2.2.436689.0,2021-11-26 00:58:51,,
"App muito lento, com delay.",3,0,2.2.432925.0,2021-10-31 22:10:01,,
"As vezes n√£o reconhece, o Google tem uma experi√™ncia melhor.",3,0,2.2.435197.0,2021-11-16 18:28:55,,
minha TV LG n√£o se conectar com a alexa,3,0,2.2.438005.0,2021-12-07 17:55:46,,
"Precisava ter o aplicativo na op√ß√£o em portugu√™s de Portugal. Esta muito lento o aplicativo depois das novas atualiza√ß√µes. Precisa dar sugest√µes de nomes para por no aparelho, Alexa, Amazon, Echo √© muito pouco para quem tem v√°rios aparelhos em casa.",3,2,2.2.413073.0,2021-07-22 13:26:05,,
"Enquanto o echo √© excelente, o app deixa a desejar. Muito lento.",3,0,2.2.427576.0,2021-10-28 06:13:11,,
"N√£o conecta nenhum dispositivo, NENHUM.",3,0,2.2.435197.0,2021-11-11 20:00:55,,
"Alexa √© maravilhosa, mas o app √© lento demais. D√° pra melhorar bastante. üòÖ",3,0,2.2.421843.0,2021-09-10 23:14:36,,
"Bem mais ou menos As skill in√∫teis funcionam bem, as que s√£o √∫teis n√£o",3,0,2.2.432925.0,2021-11-03 07:46:48,,
O aplicativo e bom melhorou um pouco o desempenho ! Por√©m n√£o consigo vincular minha conta sky na skill da sky,3,0,2.2.422256.0,2021-09-11 08:00:01,,
"A Alexa e muito legal. Mas em certas rotinas ela n√£o executa. Ela entende porque eu pe√ßo ela pra me falar o que ela ouviu e ela repete certo. Mas a resposta dela e sempre ""n√£o conhe√ßo isso"".",3,0,2.2.422256.0,2021-09-18 09:12:41,,
"Por enquanto, aprendendo. Pode ser que mude mais tarde!",3,0,2.2.436689.0,2021-11-25 15:14:29,,
"Muitos erros de interpreta√ß√£o, fazendo a√ß√µes n√£o desejadas ou n√£o fazendo as a√ß√µes. Bastante decepcionante!",3,0,2.2.422256.0,2021-09-22 02:59:08,,
"Lista de compras b√°sica, sem op√ß√µes",3,0,2.2.432925.0,2021-11-01 11:00:21,,
Desde a atualiza√ß√£o do app n√£o estou conseguindo configurar o echo.,3,1,2.2.432925.0,2021-11-05 22:56:12,,
"Ainda n√£o consegue responder uma s√©rie de perguntas, as not√≠cias da rotina muitas vezes est√£o alguns dias atrasados, inclusive j√° escutei a mesma entrevista em dias diferentes.",3,0,2.2.426944.0,2021-10-02 08:47:54,,
√â bom. Mais ela n√£o sabe responder algumas coisas... √© muito lenta... tem dificuldade de ouvir as vezes... e n√£o chinga tanto,3,0,2.2.422256.0,2021-09-15 21:55:33,,
"At√© que √© avan√ßado e funciona bem, at√© atende algumas necessidades. Valeu",3,0,2.2.410255.0,2021-07-15 19:41:35,,
Aplicativo pode melhorar muito. Lento e n√£o muito funcional,3,0,2.2.422256.0,2021-09-11 00:08:06,,
"Funcionava bem, h√° alguns dias passou a interromper o spotify com frequ√™ncia.",3,0,2.2.416420.0,2021-08-07 16:53:32,,
Comunica√ß√£o de echo show 8 e telefone n√£o funciona. N√£o mostra C√¢mera do dispositivo no telem√≥vel,3,0,2.2.416420.0,2021-08-25 07:39:40,,
"Aplicativo era excelente, mas ultimamente est√° apresentando muita falha de conex√£o e suas skills com muitos problemas, assim as Echos acabam perdendo sua principal utilidade, que seria a conectividade com outros aparelhos.",3,0,2.2.436689.0,2021-12-07 18:55:13,,
"Aplicativo lento, muito lento... Qualquer coisa que voc√™ fa√ßa com ele √© clicar e esperar uns 10 segundos. E n√£o estou falando de comando de voz n√£o! √â tudo: abrir menu, selecionar algo... Incr√≠vel como a Amazon pe√ßa desse jeito.",3,7,2.2.435306.0,2021-11-17 22:46:21,,
"Estava 5 estrelas, mas depois da √∫ltima atualiza√ß√£o que fiz na data de ontem 25/11/2021, infelizmente a Alexa est√° in√∫til; n√£o ativa fun√ß√£o alguma. Adoro as funcionalidades do app e espero que a Amazon corrija o quanto antes, pois sei que a empresa tem compet√™ncia para isso.",3,10,2.2.436689.0,2021-11-26 08:15:20,,
Quando a base de dados na nuvem n√£o para de responder √© legal. De vez em quando ela n√£o reconhece nada em casa apesar de estar funcionando no aplicativo Smart Life. Da√≠ quando abre no aplicativo da Amazon (Alexa) as skills n√£o carregam. por isso ela n√£o reconhece mais os comandos de voz.,3,0,2.2.436689.0,2021-12-07 19:04:37,,
Falta skill usar uma echo show como retrato digital com fotos do google photos ou mesmo um √°lbum no armazenamento interno. Parece que produtos Amazon n√£o querem integrar com nada da google e isso √© ruim.,3,0,2.2.436689.0,2021-11-28 22:02:43,,
Est√° dando erros de conectividade os o aparelhos fala que n√£o est√° encontrando as m√∫sicas do spotfy n√£o liga √© nem desliga mas a TV entre outros problemas que t√° apresentando... por favor corrijam os erros,3,1,2.2.436689.0,2021-12-07 18:41:35,,
"Nao ah como mudar a fonte para acessibilidade. Aplicativo lento na mudan√ßa de abas, as vezes congela. Nao aparece o intens adicionados na lista, as vezes so depois de horas.",3,1,2.2.436689.0,2021-11-26 15:22:02,,
Aplica√ß√£o meio em portugu√™s de Portugal e meio ingl√™s. Podia ter uma op√ß√£o para transferir todas as rotinas de uma s√≥ vez para outro utilizador fam√≠lia. √â pena a Alexa ainda n√£o falar Portugu√™s de Portugal. Estou a tentar desenvolver uma skill para a Alexa utilizar a minha smart TV para visualizar conte√∫dos do YouTube e fazer v√≠deo chamadas. Depois desta √∫ltima atualiza√ß√£o h√° programas de conex√£o entre apps skills como o Smart Life e o Magic Home.,3,10,2.2.438005.0,2021-12-07 16:21:39,,
"Aplicativo n√£o est√° permitindo inserir endere√ßos de casa, trabalho, etc. Isso inviabiliza a Alexa calcular as rotas.",3,1,2.2.436689.0,2021-11-28 08:10:02,,
"Muito bom, MAS, muito lento ao trocar fun√ß√µes e skills. Ao clicar demora MUITO para executar a fun√ß√£o. Precisa melhorar o desempenho.",3,1,2.2.436689.0,2021-11-28 20:07:15,,
"N√£o aparece a op√ß√£o para controle remoto por c√¢mera. Nas configura√ß√µes, n√£o aparece o item ""c√¢mera"".",3,0,2.2.436689.0,2021-11-28 23:03:17,,
"app muito bugado, as integra√ß√£o sempre falham na hora de conectar e simplesmente n√£o consigo vincular minha conta do Spotify porque o bot√£o n√£o est√° clic√°vel",3,0,2.2.438005.0,2021-12-07 17:17:12,,
O aplicativo tem que melhorar muito em quest√£o de estabilidade e o uso correto de telas quando se usa o bot√£o Voltar.,3,0,2.2.436689.0,2021-12-07 21:49:27,,
"a usabilidade n√£o √© boa, o app demora a responder e trava muito. O aparelho √© √≥timo, s√≥ o app que deixa a desejar.",3,0,2.2.436689.0,2021-12-04 14:30:38,,
"como posso avaliar com O bom, se a cada tentativa de ativar a Alexa, o programa me exige a senha cadastrada, por√©m, mesmo colocando a senha correta, ela d√° como senha incorreta e n√£o me atende.",3,0,2.2.435306.0,2021-11-21 10:28:10,,
"Aplicativo muito bom, por√©m est√° com extrema lentid√£o. Isso √© o suficiente pra cair de 5 pra 3 estrelas",3,0,2.2.436689.0,2021-12-07 19:11:51,,
"O aplicativo tem uma interface e design de certo modo bem atrativo e confort√°vel, possuindo tema escuro e afins. Mas o verdadeiro problema nele, √© o p√©ssimo carregamento de algumas op√ß√µes presentes no App, no qual eu seleciono e demora uma eternidade para carregar ou se n√£o, o que desejo nem √© carregado e mostrado em meu celular. Pe√ßo por gentileza que arrumem isso e deixem o App mais funcional e confort√°vel.",3,46,2.2.432925.0,2021-11-03 00:19:09,,
"App funciona de maneira razo√°vel, nas demora a carregar algumas telas.",3,1,2.2.436689.0,2021-11-28 19:50:04,,
"Controla bem todas as fun√ß√µes. S√≥ √© meio laggy, mesmo para octacores.",3,0,2.2.435306.0,2021-11-19 15:41:10,,
"Estava gostando muito do app, mas de repente em v√°rias vezes eu dou um comando e ela recebe, cai nas notifica√ß√µes no topo do dispositivo mas n√£o executa a√ß√£o nenhuma! Com √≥timo sinal de Internet! Dispositivo no modo som normal. Meu dispositivo √© um Samsung A20 FE. Arrumem por favor!",3,2,2.2.435197.0,2021-11-15 22:10:56,,
"Gosto da Alexa para tocar m√∫sicas que pe√ßo. Me fala as temperaturas, previs√£o do tempo, e ainda pode contar piadas. Fiz o controle de 2 l√¢mpadas da casa pela Alexa tbm. Com alguma oscila√ß√£o da Internet, perco a configura√ß√£o. Depois de um ano, n√£o se consegue mais configurar a l√¢mpada, pois, tem q ser configurada no app Positivo, em seguida, no TuyaSmart, para depois colocar a l√¢mpada na Alexa.",3,38,2.2.427576.0,2021-10-11 22:57:45,,
"Ele √© bem funcional, mas n√£o √©uito intuitivo e seu dashboard poderia bem melhor. As configura√ß√µes e uso de skills s√£o bem complicadas. O design tamb√©m acho que precisa de uma repaginada. Mas no geral √© bom.",3,4,2.2.430534.0,2021-10-25 21:59:37,,
